competitor,source,date,rating,role,theme,sentiment,quote,url
My PT Hub,GetApp ZA (pasted page 2),2025-11-24,10,Self-employed coach,T3,+,Easy to use; organised program creation and client tracking; feels professional,https://www.getapp.za.com/software/106133/my-pt-hub?page=2
My PT Hub,GetApp ZA (pasted page 2),2026-05-08,8,Self-employed coach,T16,-,Misses habit stacking; habits are key to my challenges,https://www.getapp.za.com/software/106133/my-pt-hub?page=2
My PT Hub,GetApp ZA (pasted page 2),2026-05-08,8,Self-employed coach,T3,+,Great value; recurring event scheduling easy,https://www.getapp.za.com/software/106133/my-pt-hub?page=2
My PT Hub,GetApp ZA (pasted page 2),2026-05-02,10,Self-employed coach (US),T14,-,Has to switch units manually for self and clients,https://www.getapp.za.com/software/106133/my-pt-hub?page=2
My PT Hub,GetApp ZA (pasted page 2),2026-05-02,10,Self-employed coach (US),T13,+,Well supported during evaluation; clients find app professional,https://www.getapp.za.com/software/106133/my-pt-hub?page=2
My PT Hub,GetApp ZA (pasted page 2),2025-11-23,9,Self-employed coach (Philippines),T3,+,Unlimited users = value for money,https://www.getapp.za.com/software/106133/my-pt-hub?page=2
My PT Hub,GetApp ZA (pasted page 2),2025-11-23,9,Self-employed coach (Philippines),T17,-,"No step tracking in reports, no API",https://www.getapp.za.com/software/106133/my-pt-hub?page=2
My PT Hub,GetApp ZA (pasted page 2),2025-11-23,9,Self-employed coach (Philippines),T12,-,Stripe not supported in their country; wants other processors,https://www.getapp.za.com/software/106133/my-pt-hub?page=2
My PT Hub,GetApp ZA (pasted page 2),2025-11-23,9,Self-employed coach (Philippines),T1,-,Buggy on some phones,https://www.getapp.za.com/software/106133/my-pt-hub?page=2
My PT Hub,GetApp ZA (pasted page 2),2026-05-09,10,Self-employed PT (in-person + online),T18,-,Wants more custom form options and a prewritten training agreement,https://www.getapp.za.com/software/106133/my-pt-hub?page=2
My PT Hub,GetApp ZA (pasted page 2),2025-09-17,8,Self-employed coach,T13,+,Support prompt and friendly,https://www.getapp.za.com/software/106133/my-pt-hub?page=2
My PT Hub,GetApp ZA (pasted page 2),2025-09-17,8,Self-employed coach,T16,-,Habits only one-off or daily; wants 1-3x per week,https://www.getapp.za.com/software/106133/my-pt-hub?page=2
My PT Hub,GetApp ZA (pasted page 2),2025-09-17,8,Self-employed coach,T12,-,Clients cannot pause recurring payments when in credit,https://www.getapp.za.com/software/106133/my-pt-hub?page=2
My PT Hub,GetApp ZA (pasted page 2),2025-09-17,8,Self-employed coach,T2,-,Undisclosed extra 0.7% Stripe fee on recurring packages; support unaware,https://www.getapp.za.com/software/106133/my-pt-hub?page=2
My PT Hub,GetApp ZA (pasted page 2),2026-02-20,8,Self-employed coach,T20,+,Can match app to own brand and social media aesthetic,https://www.getapp.za.com/software/106133/my-pt-hub?page=2
My PT Hub,GetApp ZA (pasted page 2),2026-02-20,8,Self-employed coach,T9,-,Barcode scan misses many foods; MyFitnessPal logs not visible to coach,https://www.getapp.za.com/software/106133/my-pt-hub?page=2
My PT Hub,GetApp ZA (pasted page 2),2025-11-04,9,Self-employed coach,T4,-,White-label add-on not included in trial,https://www.getapp.za.com/software/106133/my-pt-hub?page=2
My PT Hub,GetApp ZA (pasted page 2),2025-11-04,9,Self-employed coach,T3,+,Switched for cost-to-feature ratio; all features without complexity,https://www.getapp.za.com/software/106133/my-pt-hub?page=2
My PT Hub,GetApp ZA (pasted page 2),2025-12-12,10,Self-employed coach,T10,+,Clients find it easiest of several apps tried,https://www.getapp.za.com/software/106133/my-pt-hub?page=2
My PT Hub,GetApp ZA (pasted page 2),2026-02-03,8,PT business owner,T10,-,UI could be more intuitive with many clients/programs; extra steps,https://www.getapp.za.com/software/106133/my-pt-hub?page=2
My PT Hub,GetApp ZA (pasted page 2),2026-02-03,8,PT business owner,T17,-,Reporting and analytics weak for long-term progress,https://www.getapp.za.com/software/106133/my-pt-hub?page=2
My PT Hub,GetApp ZA (pasted page 2),2026-02-03,8,PT business owner,T1,-,Occasional glitches and slow load times,https://www.getapp.za.com/software/106133/my-pt-hub?page=2
My PT Hub,GetApp ZA (pasted page 2),2025-11-03,10,Mobile home PT,T20,+,Branding with own logo; clients would pay extra for the app,https://www.getapp.za.com/software/106133/my-pt-hub?page=2
My PT Hub,GetApp ZA (pasted page 2),2025-11-03,10,Mobile home PT,T6,+,Video tutorials; home and bodyweight workouts suit home PT,https://www.getapp.za.com/software/106133/my-pt-hub?page=2
My PT Hub,GetApp ZA (pasted page 2),2026-07-10,8,Self-employed coach,T21,-,Hard to mass-transfer data between two coach accounts,https://www.getapp.za.com/software/106133/my-pt-hub?page=2
My PT Hub,GetApp ZA (pasted page 2),2026-02-28,3,Online coach,T3,-,Expensive for only 3 clients; must go premium,https://www.getapp.za.com/software/106133/my-pt-hub?page=2
My PT Hub,GetApp ZA (pasted page 2),2026-02-28,3,Online coach,T2,-,"No month-to-month option, only 12-month",https://www.getapp.za.com/software/106133/my-pt-hub?page=2
My PT Hub,GetApp ZA (pasted page 2),2026-06-14,9,Small studio (2-10),T16,+,Great habit tracking; client app helps accountability,https://www.getapp.za.com/software/106133/my-pt-hub?page=2
My PT Hub,GetApp ZA (pasted page 2),2026-06-14,9,Small studio (2-10),T11,-,Wants more advanced automation,https://www.getapp.za.com/software/106133/my-pt-hub?page=2
My PT Hub,GetApp ZA (pasted page 2),2026-07-30,8,Self-employed coach,T9,-,Clients unable to sync MyFitnessPal and other trackers,https://www.getapp.za.com/software/106133/my-pt-hub?page=2
My PT Hub,GetApp ZA (pasted page 2),2026-07-30,8,Self-employed coach,T16,-,Clients cannot go back to a previous day in the habit tracker,https://www.getapp.za.com/software/106133/my-pt-hub?page=2
My PT Hub,GetApp ZA (pasted page 2),2026-03-22,8,Small studio (2-10),T4,-,Packages/booking not viewable in trial; only after upgrading,https://www.getapp.za.com/software/106133/my-pt-hub?page=2
My PT Hub,GetApp ZA (pasted page 2),2026-07-15,10,Self-employed coach,T10,-,Workouts section gets cluttered,https://www.getapp.za.com/software/106133/my-pt-hub?page=2
My PT Hub,GetApp ZA (pasted page 2),2026-07-15,10,Self-employed coach,T19,-,Diet plan builder cannot add options within one meal,https://www.getapp.za.com/software/106133/my-pt-hub?page=2
My PT Hub,GetApp ZA (pasted page 2),2026-06-11,10,Self-employed coach,T8,-,No check-in function for in-person sessions,https://www.getapp.za.com/software/106133/my-pt-hub?page=2
My PT Hub,GetApp ZA (pasted page 2),2025-10-24,8,Self-employed coach,T5,-,No circuit option; had to upload circuits separately,https://www.getapp.za.com/software/106133/my-pt-hub?page=2
My PT Hub,GetApp ZA (pasted page 2),2025-10-24,8,Self-employed coach,T15,-,Wants client community / group chat,https://www.getapp.za.com/software/106133/my-pt-hub?page=2
My PT Hub,GetApp ZA (pasted page 2),2026-06-02,10,Small studio (2-10),T19,-,No macro calculator; meal plan should auto-fit client macro split,https://www.getapp.za.com/software/106133/my-pt-hub?page=2
My PT Hub,GetApp ZA (pasted page 2),2026-06-02,10,Small studio (2-10),T22,+,AI feature will be a game changer,https://www.getapp.za.com/software/106133/my-pt-hub?page=2
My PT Hub,GetApp ZA (pasted page 2),2026-07-10,7,Self-employed coach,T3,+,Everything in one place for a cheaper price than Trainerize,https://www.getapp.za.com/software/106133/my-pt-hub?page=2
My PT Hub,GetApp ZA (pasted page 2),2026-07-10,7,Self-employed coach,T17,-,Wants more customisable client-facing features and reports,https://www.getapp.za.com/software/106133/my-pt-hub?page=2
My PT Hub,GetApp ZA (pasted page 2),2026-06-25,8,Remote coach,T10,-,Client mobile UI cluttered; wants cleaner minimalist client app; lag on heavy history,https://www.getapp.za.com/software/106133/my-pt-hub?page=2
My PT Hub,GetApp ZA (pasted page 2),2026-06-25,8,Remote coach,T3,+,Unlimited clients; predictable cost for scaling,https://www.getapp.za.com/software/106133/my-pt-hub?page=2
My PT Hub,GetApp ZA (pasted page 2),2026-07-21,7,"Coach, 2+ years",T22,-,Wants more AI and exercise selection at no extra cost,https://www.getapp.za.com/software/106133/my-pt-hub?page=2
My PT Hub,GetApp ZA (pasted page 2),2026-07-21,7,"Coach, 2+ years",T23,-,Client enrolment could be simpler; slow improvements,https://www.getapp.za.com/software/106133/my-pt-hub?page=2
My PT Hub,GetApp ZA (pasted page 2),2026-02-14,10,Self-employed coach,T4,-,Customisation feature costs extra,https://www.getapp.za.com/software/106133/my-pt-hub?page=2
My PT Hub,GetApp ZA (pasted page 2),2026-05-05,8,Self-employed coach,T5,-,"Only numeric set targets, no rep ranges; writes workout in notes",https://www.getapp.za.com/software/106133/my-pt-hub?page=2
My PT Hub,GetApp ZA (pasted page 2),2026-05-05,8,Self-employed coach,T20,+,Option to get own custom app is great,https://www.getapp.za.com/software/106133/my-pt-hub?page=2
TrueCoach,GetApp ZA (pasted),2022-07-24,,Coach,T10,+,Easy for coach and clients; easy to link videos and review sessions,pasted by Duwayne from GetApp ZA (TrueCoach reviews)
TrueCoach,GetApp ZA (pasted),2022-07-24,,Coach,T29,-,UI changes rolled out without notice slowed clients down for days,pasted by Duwayne from GetApp ZA (TrueCoach reviews)
TrueCoach,GetApp ZA (pasted),2022-07-24,10,"Coach, large org",T6,+,"Great exercise library; videos of real humans, not cartoons",pasted by Duwayne from GetApp ZA (TrueCoach reviews)
TrueCoach,GetApp ZA (pasted),2022-07-24,0,Studio (2-10),T5,-,Programming and tweaking painful and tedious; coaching interface cumbersome,pasted by Duwayne from GetApp ZA (TrueCoach reviews)
TrueCoach,GetApp ZA (pasted),2022-07-24,0,Studio (2-10),T2,-,"Raised price with no improvements, then charged more for new features",pasted by Duwayne from GetApp ZA (TrueCoach reviews)
TrueCoach,GetApp ZA (pasted),2022-07-24,0,Studio (2-10),T1,-,They broke the client app and still have not fixed it,pasted by Duwayne from GetApp ZA (TrueCoach reviews)
TrueCoach,GetApp ZA (pasted),2022-07-24,7,Self-employed coach,T11,+,Daily workout notifications so I do not text clients,pasted by Duwayne from GetApp ZA (TrueCoach reviews)
TrueCoach,GetApp ZA (pasted),2022-07-24,7,Self-employed coach,T17,+,Clients love progress graphs,pasted by Duwayne from GetApp ZA (TrueCoach reviews)
TrueCoach,GetApp ZA (pasted),2022-07-24,7,Self-employed coach,T3,-,24 clients but must pay for 30-client plan; wants per-slot pricing,pasted by Duwayne from GetApp ZA (TrueCoach reviews)
TrueCoach,GetApp ZA (pasted),2022-07-25,10,Studio (2-10),T5,+,"No limit on cues, sets, reps, rest, tempo; warm-ups/cool-downs",pasted by Duwayne from GetApp ZA (TrueCoach reviews)
TrueCoach,GetApp ZA (pasted),2022-07-25,10,Studio (2-10),T30,-,Wants to sell programs in-app to upsell and keep clients who leave over price,pasted by Duwayne from GetApp ZA (TrueCoach reviews)
TrueCoach,GetApp ZA (pasted),2022-07-25,10,Studio (2-10),T3,-,Client tiers a pain to deal with,pasted by Duwayne from GetApp ZA (TrueCoach reviews)
TrueCoach,GetApp ZA (pasted),2022-07-24,10,Studio (2-10),T17,+,Great for compliance and two-way reporting,pasted by Duwayne from GetApp ZA (TrueCoach reviews)
TrueCoach,GetApp ZA (pasted),2022-07-24,10,Studio (2-10),T27,-,Wants to switch off or change frequency of reminder emails,pasted by Duwayne from GetApp ZA (TrueCoach reviews)
TrueCoach,GetApp ZA (pasted),2022-07-24,10,Studio (2-10),T12,-,System did not like UK bank payments,pasted by Duwayne from GetApp ZA (TrueCoach reviews)
TrueCoach,GetApp ZA (pasted),2020-10-31,10,Self-employed coach,T7,-,Glitchy on iPad when designing or editing workouts on the fly,pasted by Duwayne from GetApp ZA (TrueCoach reviews)
TrueCoach,GetApp ZA (pasted),2020-10-31,10,Self-employed coach,T6,-,Lack of body size and race diversity in videos,pasted by Duwayne from GetApp ZA (TrueCoach reviews)
TrueCoach,GetApp ZA (pasted),2020-10-31,10,Self-employed coach,T24,-,Clients cannot move a workout to another day or edit the completion date,pasted by Duwayne from GetApp ZA (TrueCoach reviews)
TrueCoach,GetApp ZA (pasted),2020-10-31,10,Self-employed coach,T28,-,Wants volume tallies and automatic progression of acute variables (missed from Trainerize),pasted by Duwayne from GetApp ZA (TrueCoach reviews)
TrueCoach,GetApp ZA (pasted),2020-10-31,10,Self-employed coach,T21,+,Came back and all info and programs were saved,pasted by Duwayne from GetApp ZA (TrueCoach reviews)
TrueCoach,GetApp ZA (pasted),2022-07-26,6,Self-employed coach,T25,-,Cannot preview a photo before sending in chat; wants voice notes,pasted by Duwayne from GetApp ZA (TrueCoach reviews)
TrueCoach,GetApp ZA (pasted),2022-07-26,6,Self-employed coach,T7,-,Android client app just redirects to a web page,pasted by Duwayne from GetApp ZA (TrueCoach reviews)
TrueCoach,GetApp ZA (pasted),2022-07-26,6,Self-employed coach,T12,-,Payments only available in the US,pasted by Duwayne from GetApp ZA (TrueCoach reviews)
TrueCoach,GetApp ZA (pasted),2022-07-26,6,Self-employed coach,T1,-,Uploaded workouts do not save; page reloads erase what I typed,pasted by Duwayne from GetApp ZA (TrueCoach reviews)
TrueCoach,GetApp ZA (pasted),2022-07-24,8,Self-employed coach,T6,-,Exercise library execution poor; some videos I would not show a client,pasted by Duwayne from GetApp ZA (TrueCoach reviews)
TrueCoach,GetApp ZA (pasted),2020-10-30,4,Self-employed coach,T5,-,Cannot save individual workouts to drag into the calendar; copy-paste across tabs,pasted by Duwayne from GetApp ZA (TrueCoach reviews)
TrueCoach,GetApp ZA (pasted),2020-10-30,4,Self-employed coach,T28,-,No progression feature; typing sets as text causes user errors,pasted by Duwayne from GetApp ZA (TrueCoach reviews)
TrueCoach,GetApp ZA (pasted),2020-10-30,4,Self-employed coach,T3,-,Price doubles from 20 to 21 clients,pasted by Duwayne from GetApp ZA (TrueCoach reviews)
TrueCoach,GetApp ZA (pasted),2020-10-30,4,Self-employed coach,T2,-,Adding payments instead of fixing usability,pasted by Duwayne from GetApp ZA (TrueCoach reviews)
TrueCoach,GetApp ZA (pasted),2022-07-24,10,Self-employed coach,T13,+,Support responds in minutes,pasted by Duwayne from GetApp ZA (TrueCoach reviews)
TrueCoach,GetApp ZA (pasted),2022-07-24,10,Self-employed coach,T15,-,Wants a teams section for large groups of athletes,pasted by Duwayne from GetApp ZA (TrueCoach reviews)
TrueCoach,GetApp ZA (pasted),2022-07-24,10,Self-employed coach,T31,-,Wants Whoop and other integrations beyond MyFitnessPal,pasted by Duwayne from GetApp ZA (TrueCoach reviews)
TrueCoach,GetApp ZA (pasted),2022-07-24,10,Self-employed coach,T1,-,Rare glitches block programming or client access,pasted by Duwayne from GetApp ZA (TrueCoach reviews)
TrueCoach,GetApp ZA (pasted),2022-07-24,10,Self-employed coach,T5,+,"Workout builder, metrics, notes, messaging, payments",pasted by Duwayne from GetApp ZA (TrueCoach reviews)
TrueCoach,GetApp ZA (pasted),2022-07-24,10,Self-employed coach,T16,-,Wants habit-based nutrition coaching and lifestyle metrics like sleep and meditation,pasted by Duwayne from GetApp ZA (TrueCoach reviews)
TrueCoach,GetApp ZA (pasted),2022-07-24,10,Self-employed coach,T9,+,MyFitnessPal sync convenient,pasted by Duwayne from GetApp ZA (TrueCoach reviews)
TrueCoach,GetApp ZA (pasted),2022-08-11,1,Self-employed coach,T13,-,Support responds but never resolves problems,pasted by Duwayne from GetApp ZA (TrueCoach reviews)
TrueCoach,GetApp ZA (pasted),2022-08-11,1,Self-employed coach,T2,-,Price increased,pasted by Duwayne from GetApp ZA (TrueCoach reviews)
TrueCoach,GetApp ZA (pasted),2022-08-11,1,Self-employed coach,T9,-,No simple daily bodyweight input; needs a custom metric,pasted by Duwayne from GetApp ZA (TrueCoach reviews)
TrueCoach,GetApp ZA (pasted),2022-08-11,1,Self-employed coach,T7,-,Coach app view-only; programming needs a browser; Android coach app no notifications,pasted by Duwayne from GetApp ZA (TrueCoach reviews)
TrueCoach,GetApp ZA (pasted),2022-08-11,1,Self-employed coach,T1,-,Client videos and pictures do not load; white screens,pasted by Duwayne from GetApp ZA (TrueCoach reviews)
TrueCoach,GetApp ZA (pasted),2022-08-11,1,Self-employed coach,T24,-,Cannot insert a rest day that shifts the schedule; one template cannot run on different weekdays per client,pasted by Duwayne from GetApp ZA (TrueCoach reviews)
TrueCoach,GetApp ZA (pasted),2021-06-28,9,Coach and client,T10,+,Simple and professional; clients upload videos for coach review,pasted by Duwayne from GetApp ZA (TrueCoach reviews)
TrueCoach,GetApp ZA (pasted),2021-06-28,9,Coach and client,T32,+,Easy to upload videos and comments for the coach to evaluate,pasted by Duwayne from GetApp ZA (TrueCoach reviews)
TrueCoach,GetApp ZA (pasted),2022-07-29,8,Self-employed coach,T17,-,Wants better client tracking and day-to-day planning beyond workouts,pasted by Duwayne from GetApp ZA (TrueCoach reviews)
TrueCoach,GetApp ZA (pasted),2022-07-25,10,Self-employed coach,T6,+,Exercise library shows clients exactly how to move,pasted by Duwayne from GetApp ZA (TrueCoach reviews)
TrueCoach,GetApp ZA (pasted),2022-07-25,10,Self-employed coach,T32,+,Attach videos and pictures for remote feedback,pasted by Duwayne from GetApp ZA (TrueCoach reviews)
TrueCoach,GetApp ZA (pasted),2022-07-25,10,Self-employed coach,T5,-,Cannot insert an A1/A2 into a copied workout without deleting,pasted by Duwayne from GetApp ZA (TrueCoach reviews)
TrueCoach,GetApp ZA (pasted),2022-07-25,10,Physical therapy practice (2-10),T26,-,"Wants per-client toggles: hide nutrition tab, turn messaging off, hide library videos",pasted by Duwayne from GetApp ZA (TrueCoach reviews)
TrueCoach,GetApp ZA (pasted),2022-07-25,10,Self-employed coach,T17,+,Clients like seeing past workouts and improvements,pasted by Duwayne from GetApp ZA (TrueCoach reviews)
TrueCoach,GetApp ZA (pasted),2022-07-25,10,Self-employed coach,T28,-,Wants more guidance for long-term programming,pasted by Duwayne from GetApp ZA (TrueCoach reviews)
TrueCoach,GetApp ZA (pasted),2022-07-24,10,Studio (2-10),T6,-,Not easy to upload personal instruction videos,pasted by Duwayne from GetApp ZA (TrueCoach reviews)
TrueCoach,GetApp ZA (pasted),2022-07-24,10,Studio (2-10),T17,-,Hard to pull up older stats without searching weeks of sessions,pasted by Duwayne from GetApp ZA (TrueCoach reviews)
TrueCoach,GetApp ZA (pasted),2022-07-25,8,Gym (2-10),T5,+,Assign programs; autocompleting exercise library,pasted by Duwayne from GetApp ZA (TrueCoach reviews)
TrueCoach,GetApp ZA (pasted),2022-07-25,8,Gym (2-10),T18,-,Wants membership contracts with e-sign,pasted by Duwayne from GetApp ZA (TrueCoach reviews)
TrueCoach,GetApp ZA (pasted),2022-07-25,8,Gym (2-10),T12,-,Wants single-use payments,pasted by Duwayne from GetApp ZA (TrueCoach reviews)
TrueCoach,GetApp ZA (pasted),2019-07-12,10,Coaching business (2-10),T13,+,Great support; asks for feedback,pasted by Duwayne from GetApp ZA (TrueCoach reviews)
TrueCoach,GetApp ZA (pasted),2019-07-12,10,Coaching business (2-10),T15,-,Wants group chat for teams,pasted by Duwayne from GetApp ZA (TrueCoach reviews)
TrueCoach,GetApp ZA (pasted),2019-07-12,10,Coaching business (2-10),T12,-,Wants billing and payment processing,pasted by Duwayne from GetApp ZA (TrueCoach reviews)
TrueCoach,GetApp ZA (pasted),2022-07-24,10,Self-employed coach,T6,+,Movement videos save writing descriptions; grew from 5 to 30 clients,pasted by Duwayne from GetApp ZA (TrueCoach reviews)
TrueCoach,GetApp ZA (pasted),2022-07-24,10,Self-employed coach,T12,-,Payment processing not available in Canada,pasted by Duwayne from GetApp ZA (TrueCoach reviews)
TrueCoach,GetApp ZA (pasted),2019-02-15,10,Self-employed coach,T31,-,Wants InBody files linked to client profiles,pasted by Duwayne from GetApp ZA (TrueCoach reviews)
TrueCoach,GetApp ZA (pasted),2022-07-24,9,Self-employed coach,T6,+,Exercise library saves sending YouTube clips,pasted by Duwayne from GetApp ZA (TrueCoach reviews)
TrueCoach,GetApp ZA (pasted),2022-07-24,9,Self-employed coach,T3,-,A comparable product is free,pasted by Duwayne from GetApp ZA (TrueCoach reviews)
TrueCoach,GetApp ZA (pasted),2023-05-23,4,Client (mental health),T1,-,Uploads fail; restarted app and lost a fully logged workout,pasted by Duwayne from GetApp ZA (TrueCoach reviews)
TrueCoach,GetApp ZA (pasted),2023-05-23,4,Client (mental health),T25,-,Coach comments buried in past workouts behind a tiny button; not linked to messages,pasted by Duwayne from GetApp ZA (TrueCoach reviews)
TrueCoach,GetApp ZA (pasted),2023-05-23,4,Client (mental health),T24,-,Workouts in coach time zone mark me as missed; missed workouts should roll over; red X is disheartening; cannot reschedule for vacation,pasted by Duwayne from GetApp ZA (TrueCoach reviews)
TrueCoach,GetApp ZA (pasted),2025-08-21,8,Self-employed coach,T8,+,Excellent for 1:1 and in-person or hybrid coaching,pasted by Duwayne from GetApp ZA (TrueCoach reviews)
TrueCoach,GetApp ZA (pasted),2025-08-21,8,Self-employed coach,T16,-,"Needed habit automation, structured check-ins and nutrition coaching for online behaviour change",pasted by Duwayne from GetApp ZA (TrueCoach reviews)
TrueCoach,GetApp ZA (pasted),2026-05-06,0,Coach,T13,-,IT support useless; no emails since February,pasted by Duwayne from GetApp ZA (TrueCoach reviews)
TrueCoach,GetApp ZA (pasted),2025-04-17,1,Self-employed coach,T6,+,Add own exercises with video and descriptions,pasted by Duwayne from GetApp ZA (TrueCoach reviews)
TrueCoach,GetApp ZA (pasted),2025-04-17,1,Self-employed coach,T5,-,Hard to customise workouts across many clients,pasted by Duwayne from GetApp ZA (TrueCoach reviews)
TrueCoach,GetApp ZA (pasted),2023-09-25,10,Studio (2-10),T6,+,Extensive library plus own videos or YouTube links,pasted by Duwayne from GetApp ZA (TrueCoach reviews)
TrueCoach,GetApp ZA (pasted),2023-09-25,10,Studio (2-10),T10,+,"Clients: simple, love demos, love checking in",pasted by Duwayne from GetApp ZA (TrueCoach reviews)
TrueCoach,GetApp ZA (pasted),2023-10-27,10,Nonprofit team (11-50),T6,+,Shared team exercise library for problem areas,pasted by Duwayne from GetApp ZA (TrueCoach reviews)
TrueCoach,GetApp ZA (pasted),2023-10-27,10,Nonprofit team (11-50),T17,+,Year-end summary of goals reached,pasted by Duwayne from GetApp ZA (TrueCoach reviews)
TrueCoach,GetApp ZA (pasted),2023-10-27,10,Nonprofit team (11-50),T3,-,Client capacity limits,pasted by Duwayne from GetApp ZA (TrueCoach reviews)
Everfit,GetApp ZA (pasted),2026-06-17,10,"Endurance coach, studio (2-10)",T13,+,Same-day support; switched from Trainerize,pasted by Duwayne from GetApp ZA (Everfit reviews)
Everfit,GetApp ZA (pasted),2026-06-17,10,"Endurance coach, studio (2-10)",T18,+,"All-in-one: check-ins, forms and contracts in one place",pasted by Duwayne from GetApp ZA (Everfit reviews)
Everfit,GetApp ZA (pasted),2026-06-17,10,"Endurance coach, studio (2-10)",T26,+,"Can rename ""client"" to ""athlete""",pasted by Duwayne from GetApp ZA (Everfit reviews)
Everfit,GetApp ZA (pasted),2026-06-17,10,"Endurance coach, studio (2-10)",T20,-,Weaker white-label and branding than Trainerize,pasted by Duwayne from GetApp ZA (Everfit reviews)
Everfit,GetApp ZA (pasted),2026-06-17,10,"Endurance coach, studio (2-10)",T4,-,Gets expensive; features need higher tiers or add-ons,pasted by Duwayne from GetApp ZA (Everfit reviews)
Everfit,GetApp ZA (pasted),2026-06-17,10,"Endurance coach, studio (2-10)",T31,-,"Wants Garmin/Strava, heart rate and endurance metrics",pasted by Duwayne from GetApp ZA (Everfit reviews)
Everfit,GetApp ZA (pasted),2026-07-16,10,Osteopath and strength coach,T6,+,Large library plus custom exercises; rehab and strength,pasted by Duwayne from GetApp ZA (Everfit reviews)
Everfit,GetApp ZA (pasted),2026-07-16,10,Osteopath and strength coach,T17,-,Wants a sets-and-reps per muscle group counter,pasted by Duwayne from GetApp ZA (Everfit reviews)
Everfit,GetApp ZA (pasted),2026-07-16,10,Osteopath and strength coach,T15,-,Wants time scheduling and client calendar integration,pasted by Duwayne from GetApp ZA (Everfit reviews)
Everfit,GetApp ZA (pasted),2026-07-20,10,Self-employed coach,T10,+,Clean and easy for coach and clients,pasted by Duwayne from GetApp ZA (Everfit reviews)
Everfit,GetApp ZA (pasted),2026-07-20,10,Self-employed coach,T10,-,Slow to start the app,pasted by Duwayne from GetApp ZA (Everfit reviews)
Everfit,GetApp ZA (pasted),2026-07-11,8,Self-employed coach,T3,+,Free for up to 5 clients; reasonable price steps as clients grow,pasted by Duwayne from GetApp ZA (Everfit reviews)
Everfit,GetApp ZA (pasted),2026-07-11,8,Self-employed coach,T37,-,No desktop version for clients; some prefer a big screen,pasted by Duwayne from GetApp ZA (Everfit reviews)
Everfit,GetApp ZA (pasted),2026-07-11,8,Self-employed coach,T8,-,Logging a 1:1 workout in the trainer app does not show the client results page,pasted by Duwayne from GetApp ZA (Everfit reviews)
Everfit,GetApp ZA (pasted),2026-07-12,10,Self-employed coach,T9,-,Other macro apps do not sync,pasted by Duwayne from GetApp ZA (Everfit reviews)
Everfit,GetApp ZA (pasted),2026-07-12,10,Self-employed coach,T33,-,Clients cannot log steps manually,pasted by Duwayne from GetApp ZA (Everfit reviews)
Everfit,GetApp ZA (pasted),2026-05-05,10,Gym coach,T9,+,"Workout logging, calorie tracking and recipes without overwhelm",pasted by Duwayne from GetApp ZA (Everfit reviews)
Everfit,GetApp ZA (pasted),2026-05-05,10,Gym coach,T3,+,Trainerize not fairly priced; Kahunas looked unprofessional,pasted by Duwayne from GetApp ZA (Everfit reviews)
Everfit,GetApp ZA (pasted),2026-05-07,10,Dietitian coach,T10,+,Clients say it is the most aesthetic and user-friendly,pasted by Duwayne from GetApp ZA (Everfit reviews)
Everfit,GetApp ZA (pasted),2026-05-07,10,Dietitian coach,T9,-,Wishes in-app macro tracking was good enough to drop MyFitnessPal,pasted by Duwayne from GetApp ZA (Everfit reviews)
Everfit,GetApp ZA (pasted),2026-05-07,10,Dietitian coach,T18,+,Forms used for weekly check-ins,pasted by Duwayne from GetApp ZA (Everfit reviews)
Everfit,GetApp ZA (pasted),2025-11-28,10,Self-employed coach,T1,+,"Runs smoothly without bugs, unlike big brands",pasted by Duwayne from GetApp ZA (Everfit reviews)
Everfit,GetApp ZA (pasted),2025-11-28,10,Self-employed coach,T4,-,Numerous paid add-ons significantly increase cost,pasted by Duwayne from GetApp ZA (Everfit reviews)
Everfit,GetApp ZA (pasted),2026-05-05,8,Performance coach,T31,-,Missing athlete/running performance features,pasted by Duwayne from GetApp ZA (Everfit reviews)
Everfit,GetApp ZA (pasted),2025-11-20,9,Self-employed coach,T34,+,Resources section and own video tutorials,pasted by Duwayne from GetApp ZA (Everfit reviews)
Everfit,GetApp ZA (pasted),2025-11-20,9,Self-employed coach,T38,+,Clients love the visual comparison at the end of workouts,pasted by Duwayne from GetApp ZA (Everfit reviews)
Everfit,GetApp ZA (pasted),2025-11-20,9,Self-employed coach,T10,-,Initial loading slow,pasted by Duwayne from GetApp ZA (Everfit reviews)
Everfit,GetApp ZA (pasted),2025-11-20,9,Self-employed coach,T34,-,Resource folder cap limiting,pasted by Duwayne from GetApp ZA (Everfit reviews)
Everfit,GetApp ZA (pasted),2025-11-20,9,Self-employed coach,T4,-,Paid billing/packages bolt-on did not work,pasted by Duwayne from GetApp ZA (Everfit reviews)
Everfit,GetApp ZA (pasted),2026-01-15,10,"Coach, switched from Trainerize",T1,+,Way fewer bugs than Trainerize,pasted by Duwayne from GetApp ZA (Everfit reviews)
Everfit,GetApp ZA (pasted),2026-01-15,10,"Coach, switched from Trainerize",T1,-,Lag; changes do not go through and must be redone,pasted by Duwayne from GetApp ZA (Everfit reviews)
Everfit,GetApp ZA (pasted),2026-01-15,10,"Coach, switched from Trainerize",T25,-,1-minute cap on voice notes,pasted by Duwayne from GetApp ZA (Everfit reviews)
Everfit,GetApp ZA (pasted),2025-11-14,9,Self-employed coach,T13,+,Support within hours; public roadmap and feature requests,pasted by Duwayne from GetApp ZA (Everfit reviews)
Everfit,GetApp ZA (pasted),2025-11-14,9,Self-employed coach,T20,+,Custom branding built in,pasted by Duwayne from GetApp ZA (Everfit reviews)
Everfit,GetApp ZA (pasted),2025-11-14,9,Self-employed coach,T5,+,Alternate exercises for multiple setups (dumbbell instead of barbell),pasted by Duwayne from GetApp ZA (Everfit reviews)
Everfit,GetApp ZA (pasted),2025-11-14,9,Self-employed coach,T11,+,Automations save hours on onboarding,pasted by Duwayne from GetApp ZA (Everfit reviews)
Everfit,GetApp ZA (pasted),2025-11-14,9,Self-employed coach,T32,+,Clients submit lifting videos for feedback,pasted by Duwayne from GetApp ZA (Everfit reviews)
Everfit,GetApp ZA (pasted),2025-11-14,9,Self-employed coach,T15,+,Community forums keep clients engaged,pasted by Duwayne from GetApp ZA (Everfit reviews)
Everfit,GetApp ZA (pasted),2025-11-14,9,Self-employed coach,T26,+,Client subgroups,pasted by Duwayne from GetApp ZA (Everfit reviews)
Everfit,GetApp ZA (pasted),2025-11-14,9,Self-employed coach,T30,+,On-demand programs for self-directed clients,pasted by Duwayne from GetApp ZA (Everfit reviews)
Everfit,GetApp ZA (pasted),2025-11-14,9,Self-employed coach,T17,+,Master calendar shows periodisation,pasted by Duwayne from GetApp ZA (Everfit reviews)
Everfit,GetApp ZA (pasted),2025-11-14,9,Self-employed coach,T11,-,Cannot schedule direct messages,pasted by Duwayne from GetApp ZA (Everfit reviews)
Everfit,GetApp ZA (pasted),2025-11-14,9,Self-employed coach,T12,-,Payments do not track client location for tax,pasted by Duwayne from GetApp ZA (Everfit reviews)
Everfit,GetApp ZA (pasted),2025-11-14,9,Self-employed coach,T39,-,Not compliant with health privacy law for regulated professionals,pasted by Duwayne from GetApp ZA (Everfit reviews)
Everfit,GetApp ZA (pasted),2026-07-20,10,Part-time coach,T16,+,Habits and nutrition goals in one place,pasted by Duwayne from GetApp ZA (Everfit reviews)
Everfit,GetApp ZA (pasted),2026-07-20,10,Part-time coach,T15,-,No booking system for clients to schedule sessions,pasted by Duwayne from GetApp ZA (Everfit reviews)
Everfit,GetApp ZA (pasted),2026-07-20,10,Part-time coach,T35,-,Wants a coach directory/marketplace for discovery,pasted by Duwayne from GetApp ZA (Everfit reviews)
Everfit,GetApp ZA (pasted),2026-05-01,10,Self-employed coach,T34,+,Everfit Academy education and webinars,pasted by Duwayne from GetApp ZA (Everfit reviews)
Everfit,GetApp ZA (pasted),2026-05-01,10,Self-employed coach,T11,+,Autoflows and onboarding flows,pasted by Duwayne from GetApp ZA (Everfit reviews)
Everfit,GetApp ZA (pasted),2026-05-01,10,Self-employed coach,T5,-,Copy-paste workouts to the next week; change must be repeated in every later workout,pasted by Duwayne from GetApp ZA (Everfit reviews)
Everfit,GetApp ZA (pasted),2026-05-01,10,Self-employed coach,T34,-,Limit on resource collections,pasted by Duwayne from GetApp ZA (Everfit reviews)
Everfit,GetApp ZA (pasted),2026-03-18,9,Coach,T22,+,AI builder turns written workouts into configured workouts,pasted by Duwayne from GetApp ZA (Everfit reviews)
Everfit,GetApp ZA (pasted),2026-03-18,9,Coach,T36,-,Exercise search needs exact spelling; no synonyms; poor relevance,pasted by Duwayne from GetApp ZA (Everfit reviews)
Everfit,GetApp ZA (pasted),2026-03-09,10,Self-employed coach,T3,+,Price unbeatable; adding clients so easy it raised income about $1000/month,pasted by Duwayne from GetApp ZA (Everfit reviews)
Everfit,GetApp ZA (pasted),2026-03-09,10,Self-employed coach,T5,-,Cannot edit all following workouts at once; weak layout for CrossFit/interval workouts,pasted by Duwayne from GetApp ZA (Everfit reviews)
Everfit,GetApp ZA (pasted),2026-03-09,10,"Coach, team (11-50)",T10,+,"Clean, structured, neurodivergent-friendly layout reduces overwhelm",pasted by Duwayne from GetApp ZA (Everfit reviews)
Everfit,GetApp ZA (pasted),2026-07-16,9,Self-employed coach,T22,+,AI workout builder helps a lot; desktop is user friendly,pasted by Duwayne from GetApp ZA (Everfit reviews)
Everfit,GetApp ZA (pasted),2026-07-16,9,Self-employed coach,T4,-,Many add-ons that could be free or cheaper,pasted by Duwayne from GetApp ZA (Everfit reviews)
Everfit,GetApp ZA (pasted),2026-07-16,9,Self-employed coach,T15,-,Missing booking for sessions,pasted by Duwayne from GetApp ZA (Everfit reviews)
Everfit,GetApp ZA (pasted),2026-05-05,10,Studio (2-10),T13,+,Staff amazing and patient,pasted by Duwayne from GetApp ZA (Everfit reviews)
Everfit,GetApp ZA (pasted),2026-05-07,10,"Coach, 4 years",T5,+,Easy to customise client programs,pasted by Duwayne from GetApp ZA (Everfit reviews)
Everfit,GetApp ZA (pasted),2026-09-21,10,Self-employed coach,T6,+,Extensive exercise library,pasted by Duwayne from GetApp ZA (Everfit reviews)
Everfit,GetApp ZA (pasted),2026-09-21,10,Self-employed coach,T22,+,AI matches typed workout to library exercises,pasted by Duwayne from GetApp ZA (Everfit reviews)
Everfit,GetApp ZA (pasted),2026-09-21,10,Self-employed coach,T34,+,Free coach education on business and nutrition,pasted by Duwayne from GetApp ZA (Everfit reviews)
Everfit,GetApp ZA (pasted),2026-09-21,10,Self-employed coach,T17,-,Wants side-by-side prescribed vs completed view,pasted by Duwayne from GetApp ZA (Everfit reviews)
Everfit,GetApp ZA (pasted),2026-09-15,10,Personal trainer and nutrition coach,T16,+,"Habits, mindset, nutrition and training in one platform",pasted by Duwayne from GetApp ZA (Everfit reviews)
Everfit,GetApp ZA (pasted),2026-09-15,10,Personal trainer and nutrition coach,T10,-,Learning curve: many features,pasted by Duwayne from GetApp ZA (Everfit reviews)
Everfit,GetApp ZA (pasted),2026-09-15,10,Personal trainer and nutrition coach,T11,-,Wants more automation of admin,pasted by Duwayne from GetApp ZA (Everfit reviews)
Everfit,GetApp ZA (pasted),2026-08-16,10,In-person and online PT,T8,+,Works for both in-person and online clients,pasted by Duwayne from GetApp ZA (Everfit reviews)
Everfit,GetApp ZA (pasted),2026-08-16,10,In-person and online PT,T7,-,Coach app could be better; wants customisable dashboard and client web access,pasted by Duwayne from GetApp ZA (Everfit reviews)
Everfit,GetApp ZA (pasted),2026-08-16,10,In-person and online PT,T4,-,Add-ons not always worth the extra cost,pasted by Duwayne from GetApp ZA (Everfit reviews)
Everfit,GetApp ZA (pasted),2026-07-22,9,Online coach,T16,+,"Habits, check-ins and history keep clients accountable",pasted by Duwayne from GetApp ZA (Everfit reviews)
Everfit,GetApp ZA (pasted),2026-07-22,9,Online coach,T20,-,Wants more branding and layout personalisation,pasted by Duwayne from GetApp ZA (Everfit reviews)
Everfit,GetApp ZA (pasted),2026-07-22,9,Online coach,T4,-,Premium features only as paid add-ons; costs add up,pasted by Duwayne from GetApp ZA (Everfit reviews)
Everfit,GetApp ZA (pasted),2026-07-25,10,Online coach,T11,-,Wants more flexible automations and onboarding customisation,pasted by Duwayne from GetApp ZA (Everfit reviews)
Trainerize,GetApp ZA (pasted),2019-02-13,10,Self-employed coach,T5,+,Circuit and rest timers; easy workout creation,pasted by Duwayne from GetApp ZA (Trainerize reviews)
Trainerize,GetApp ZA (pasted),2019-02-13,10,Self-employed coach,T11,+,"Automated reminders, check-ins, daily recap email",pasted by Duwayne from GetApp ZA (Trainerize reviews)
Trainerize,GetApp ZA (pasted),2019-02-13,10,Self-employed coach,T17,+,"Weight charts, measurements, progress pics",pasted by Duwayne from GetApp ZA (Trainerize reviews)
Trainerize,GetApp ZA (pasted),2019-02-13,10,Self-employed coach,T7,-,Cannot modify a program from the phone,pasted by Duwayne from GetApp ZA (Trainerize reviews)
Trainerize,GetApp ZA (pasted),2019-02-13,10,Self-employed coach,T31,-,Wants Apple Watch,pasted by Duwayne from GetApp ZA (Trainerize reviews)
Trainerize,GetApp ZA (pasted),2019-02-13,10,Self-employed coach,T40,-,Check-in vs start-now confusing; skip an exercise in a timed circuit; watch demo while timer runs,pasted by Duwayne from GetApp ZA (Trainerize reviews)
Trainerize,GetApp ZA (pasted),2019-02-13,10,Self-employed coach,T5,-,No drop sets or rep variations,pasted by Duwayne from GetApp ZA (Trainerize reviews)
Trainerize,GetApp ZA (pasted),2019-02-13,10,Self-employed coach,T41,-,Cannot tweak one client on a master program without converting it to custom,pasted by Duwayne from GetApp ZA (Trainerize reviews)
Trainerize,GetApp ZA (pasted),2019-02-13,10,Self-employed coach,T25,-,Cannot send video in messages,pasted by Duwayne from GetApp ZA (Trainerize reviews)
Trainerize,GetApp ZA (pasted),2022-01-18,9,Online coach,T10,+,Clients find it intuitive; compliance up,pasted by Duwayne from GetApp ZA (Trainerize reviews)
Trainerize,GetApp ZA (pasted),2022-01-18,9,Online coach,T10,-,Bulky with many clients,pasted by Duwayne from GetApp ZA (Trainerize reviews)
Trainerize,GetApp ZA (pasted),2022-01-18,9,Online coach,T9,-,Little nutrition beyond MyFitnessPal integration,pasted by Duwayne from GetApp ZA (Trainerize reviews)
Trainerize,GetApp ZA (pasted),2024-11-19,2,Studio (2-10),T1,-,"Not user friendly, lots of glitches, little functionality",pasted by Duwayne from GetApp ZA (Trainerize reviews)
Trainerize,GetApp ZA (pasted),2019-02-01,10,Self-employed coach,T11,+,Nightly report replaces check-in emails,pasted by Duwayne from GetApp ZA (Trainerize reviews)
Trainerize,GetApp ZA (pasted),2019-02-01,10,Self-employed coach,T12,+,"Programs, messaging, payments and invoices in one place",pasted by Duwayne from GetApp ZA (Trainerize reviews)
Trainerize,GetApp ZA (pasted),2018-07-24,9,Studio (2-10),T6,+,Custom exercises crucial; templates copied to clients,pasted by Duwayne from GetApp ZA (Trainerize reviews)
Trainerize,GetApp ZA (pasted),2018-07-24,9,Studio (2-10),T12,-,Cannot add a one-time product while a package is running,pasted by Duwayne from GetApp ZA (Trainerize reviews)
Trainerize,GetApp ZA (pasted),2018-07-24,9,Studio (2-10),T41,-,Cannot modify a template once assigned,pasted by Duwayne from GetApp ZA (Trainerize reviews)
Trainerize,GetApp ZA (pasted),2019-02-08,8,Climbing coach (11-50),T41,+,Master programs: copy and customise templates easily,pasted by Duwayne from GetApp ZA (Trainerize reviews)
Trainerize,GetApp ZA (pasted),2019-02-08,8,Climbing coach (11-50),T28,+,Advanced progression capabilities,pasted by Duwayne from GetApp ZA (Trainerize reviews)
Trainerize,GetApp ZA (pasted),2019-02-08,8,Climbing coach (11-50),T15,-,Calendar could be better,pasted by Duwayne from GetApp ZA (Trainerize reviews)
Trainerize,GetApp ZA (pasted),2018-07-24,9,Studio (2-10),T12,-,Only one package per client; no add-on upsells,pasted by Duwayne from GetApp ZA (Trainerize reviews)
Trainerize,GetApp ZA (pasted),2018-07-24,9,Studio (2-10),T15,-,No integrated scheduling,pasted by Duwayne from GetApp ZA (Trainerize reviews)
Trainerize,GetApp ZA (pasted),2018-07-24,9,Studio (2-10),T41,-,Cannot assign a master and a custom program together,pasted by Duwayne from GetApp ZA (Trainerize reviews)
Trainerize,GetApp ZA (pasted),2017-10-26,10,Coach,T41,+,Store pre-made programs and copy them out,pasted by Duwayne from GetApp ZA (Trainerize reviews)
Trainerize,GetApp ZA (pasted),2017-10-26,10,Coach,T15,+,Groups for social motivation,pasted by Duwayne from GetApp ZA (Trainerize reviews)
Trainerize,GetApp ZA (pasted),2017-10-26,10,Coach,T12,+,Payments automation: set up and let it run,pasted by Duwayne from GetApp ZA (Trainerize reviews)
Trainerize,GetApp ZA (pasted),2019-02-12,10,Self-employed coach,T6,+,"Great library, still growing",pasted by Duwayne from GetApp ZA (Trainerize reviews)
Trainerize,GetApp ZA (pasted),2019-02-12,10,Self-employed coach,T40,-,Timer stops when switching to a music app; should run in background,pasted by Duwayne from GetApp ZA (Trainerize reviews)
Trainerize,GetApp ZA (pasted),2019-02-12,10,Self-employed coach,T1,-,Crashes a lot,pasted by Duwayne from GetApp ZA (Trainerize reviews)
Trainerize,GetApp ZA (pasted),2019-02-08,9,Studio (2-10),T8,+,Clients keep training online after moving or on holiday,pasted by Duwayne from GetApp ZA (Trainerize reviews)
Trainerize,GetApp ZA (pasted),2019-02-08,9,Studio (2-10),T6,-,Wants a photo on an exercise when there is no video,pasted by Duwayne from GetApp ZA (Trainerize reviews)
Trainerize,GetApp ZA (pasted),2019-02-08,9,Studio (2-10),T31,+,Fitbit and nutrition integrations,pasted by Duwayne from GetApp ZA (Trainerize reviews)
Trainerize,GetApp ZA (pasted),2025-01-23,8,Self-employed coach,T4,-,Excessive fees for add-on services,pasted by Duwayne from GetApp ZA (Trainerize reviews)
Trainerize,GetApp ZA (pasted),2024-11-04,10,Hybrid coach (2-10),T5,+,Good workout planning,pasted by Duwayne from GetApp ZA (Trainerize reviews)
Trainerize,GetApp ZA (pasted),2024-11-04,10,Hybrid coach (2-10),T9,-,Cannot set training-day and rest-day macro plans,pasted by Duwayne from GetApp ZA (Trainerize reviews)
Trainerize,GetApp ZA (pasted),2024-09-06,10,Studio (2-10),T10,+,Full coach-client relationship in one app,pasted by Duwayne from GetApp ZA (Trainerize reviews)
Trainerize,GetApp ZA (pasted),2019-02-01,10,In-person and online coach,T8,+,Biggest benefit with in-person clients seen once a week,pasted by Duwayne from GetApp ZA (Trainerize reviews)
Trainerize,GetApp ZA (pasted),2019-02-01,10,In-person and online coach,T29,-,Updates change or remove features I like,pasted by Duwayne from GetApp ZA (Trainerize reviews)
Trainerize,GetApp ZA (pasted),2019-02-01,10,In-person and online coach,T40,-,No simple way to log resistance bands; cannot see notes from previous times,pasted by Duwayne from GetApp ZA (Trainerize reviews)
Trainerize,GetApp ZA (pasted),2019-04-17,10,Online and health coach,T38,+,PR detection told to client and coach,pasted by Duwayne from GetApp ZA (Trainerize reviews)
Trainerize,GetApp ZA (pasted),2019-04-17,10,Online and health coach,T11,+,"Push to coach on workout done, PR or message; reminders to clients",pasted by Duwayne from GetApp ZA (Trainerize reviews)
Trainerize,GetApp ZA (pasted),2019-04-17,10,Online and health coach,T10,-,A month to learn; clients unaware of features; wants a client tutorial,pasted by Duwayne from GetApp ZA (Trainerize reviews)
Trainerize,GetApp ZA (pasted),2024-03-04,0,Self-employed coach,T1,-,"Data deleted, clients locked out; hours a week troubleshooting since acquisition",pasted by Duwayne from GetApp ZA (Trainerize reviews)
Trainerize,GetApp ZA (pasted),2024-03-04,0,Self-employed coach,T28,-,No e1RM tracking or group workout tracking,pasted by Duwayne from GetApp ZA (Trainerize reviews)
Trainerize,GetApp ZA (pasted),2024-03-04,0,Self-employed coach,T2,-,Pricing model,pasted by Duwayne from GetApp ZA (Trainerize reviews)
Trainerize,GetApp ZA (pasted),2021-06-24,10,Self-employed coach,T9,+,Meal plan with food tracking,pasted by Duwayne from GetApp ZA (Trainerize reviews)
Trainerize,GetApp ZA (pasted),2021-06-24,10,Self-employed coach,T31,+,Apple Watch connection,pasted by Duwayne from GetApp ZA (Trainerize reviews)
Trainerize,GetApp ZA (pasted),2021-06-24,10,Self-employed coach,T29,-,Must update the app to see plan changes,pasted by Duwayne from GetApp ZA (Trainerize reviews)
Trainerize,GetApp ZA (pasted),2022-05-05,6,Studio (2-10),T3,+,Most affordable for new trainers,pasted by Duwayne from GetApp ZA (Trainerize reviews)
Trainerize,GetApp ZA (pasted),2022-05-05,6,Studio (2-10),T16,+,"Daily to-do list: workouts, habits, cardio, nutrition",pasted by Duwayne from GetApp ZA (Trainerize reviews)
Trainerize,GetApp ZA (pasted),2022-05-05,6,Studio (2-10),T11,-,Cannot stack templates or pick which automated messages go out,pasted by Duwayne from GetApp ZA (Trainerize reviews)
Trainerize,GetApp ZA (pasted),2022-05-05,6,Studio (2-10),T18,-,Wants a membership portal with forms,pasted by Duwayne from GetApp ZA (Trainerize reviews)
Trainerize,GetApp ZA (pasted),2018-01-19,10,Self-employed coach,T25,+,Built-in messenger separate from personal texting,pasted by Duwayne from GetApp ZA (Trainerize reviews)
Trainerize,GetApp ZA (pasted),2018-01-19,10,Self-employed coach,T13,+,Developers worked with me on improvements,pasted by Duwayne from GetApp ZA (Trainerize reviews)
Trainerize,GetApp ZA (pasted),2017-04-18,10,Self-employed coach,T38,+,Messages for personal bests help retention,pasted by Duwayne from GetApp ZA (Trainerize reviews)
Trainerize,GetApp ZA (pasted),2017-04-18,10,Self-employed coach,T7,-,Cannot access templates from the app,pasted by Duwayne from GetApp ZA (Trainerize reviews)
Trainerize,GetApp ZA (pasted),2017-04-18,10,Self-employed coach,T41,-,Cannot update several clients' plans at once,pasted by Duwayne from GetApp ZA (Trainerize reviews)
Trainerize,GetApp ZA (pasted),2019-02-12,10,"Coach, gym (11-50)",T41,+,Copy plans from client to client; progress whole cycles,pasted by Duwayne from GetApp ZA (Trainerize reviews)
Trainerize,GetApp ZA (pasted),2019-02-12,10,"Coach, gym (11-50)",T8,-,Training more than one person at once needs a device per person,pasted by Duwayne from GetApp ZA (Trainerize reviews)
Trainerize,GetApp ZA (pasted),2019-02-12,10,"Coach, gym (11-50)",T37,-,Works poorly on Android,pasted by Duwayne from GetApp ZA (Trainerize reviews)
Trainerize,GetApp ZA (pasted),2019-11-12,10,Self-employed coach,T24,-,Programs could only start on a Monday,pasted by Duwayne from GetApp ZA (Trainerize reviews)
Trainerize,GetApp ZA (pasted),2019-11-12,10,Self-employed coach,T12,-,Wants proration for mid-month sign-ups,pasted by Duwayne from GetApp ZA (Trainerize reviews)
Trainerize,GetApp ZA (pasted),2019-02-08,10,Self-employed coach,T17,+,Tracking for clients and coach,pasted by Duwayne from GetApp ZA (Trainerize reviews)
Trainerize,GetApp ZA (pasted),2019-02-04,9,Self-employed coach,T17,+,Progress graphs,pasted by Duwayne from GetApp ZA (Trainerize reviews)
Trainerize,GetApp ZA (pasted),2019-02-04,9,Self-employed coach,T40,-,Client workout notes hard to find,pasted by Duwayne from GetApp ZA (Trainerize reviews)
Trainerize,GetApp ZA (pasted),2019-02-04,9,Self-employed coach,T7,-,App only good for messaging; needs a computer for everything else,pasted by Duwayne from GetApp ZA (Trainerize reviews)
Trainerize,GetApp ZA (pasted),2021-09-03,8,Self-employed coach,T13,+,Human chat support with good follow-up,pasted by Duwayne from GetApp ZA (Trainerize reviews)
Trainerize,GetApp ZA (pasted),2021-09-03,8,Self-employed coach,T10,-,"Extremely difficult to navigate, even after years",pasted by Duwayne from GetApp ZA (Trainerize reviews)
Trainerize,GetApp ZA (pasted),2026-04-09,7,Self-employed coach,T5,+,Easy program changes,pasted by Duwayne from GetApp ZA (Trainerize reviews)
Trainerize,GetApp ZA (pasted),2026-04-09,7,Self-employed coach,T6,-,Outdated demo videos,pasted by Duwayne from GetApp ZA (Trainerize reviews)
Trainerize,GetApp ZA (pasted),2026-04-09,7,Self-employed coach,T31,-,No Android watch integration,pasted by Duwayne from GetApp ZA (Trainerize reviews)
Trainerize,GetApp ZA (pasted),2026-04-09,7,Self-employed coach,T2,-,Unlinking Stripe took back-and-forth with support,pasted by Duwayne from GetApp ZA (Trainerize reviews)
Trainerize,GetApp ZA (pasted),2025-12-08,5,Studio (2-10),T5,+,"Custom workouts, videos, progressions",pasted by Duwayne from GetApp ZA (Trainerize reviews)
Trainerize,GetApp ZA (pasted),2025-12-08,5,Studio (2-10),T10,-,Older and non-techy clients confused at first,pasted by Duwayne from GetApp ZA (Trainerize reviews)
Trainerize,GetApp ZA (pasted),2025-06-30,9,Self-employed coach,T10,+,"One-stop shop, simple on both sides",pasted by Duwayne from GetApp ZA (Trainerize reviews)
Trainerize,GetApp ZA (pasted),2025-07-02,4,Studio (2-10),T11,+,Scheduled auto messages are the best feature,pasted by Duwayne from GetApp ZA (Trainerize reviews)
Trainerize,GetApp ZA (pasted),2025-07-02,4,Studio (2-10),T9,-,MyFitnessPal sync constantly broken; wants own food database; computes averages by hand,pasted by Duwayne from GetApp ZA (Trainerize reviews)
Trainerize,GetApp ZA (pasted),2025-07-02,4,Studio (2-10),T11,-,Cannot bulk-delete automated messages,pasted by Duwayne from GetApp ZA (Trainerize reviews)
Trainerize,GetApp ZA (pasted),2025-12-14,9,Client,T10,+,"Easy, goals clear, simple setup",pasted by Duwayne from GetApp ZA (Trainerize reviews)
Trainerize,GetApp ZA (pasted),2025-12-14,9,Client,T31,-,Fitbit does not always sync,pasted by Duwayne from GetApp ZA (Trainerize reviews)
